www.boldbi.com/%3Futm_source%3Dgoogle_ads%26utm_medium%3Dcpc%26utm_campaign%3Dboldbiembedded_selectaudiencedisplay160x600embeddedbieverywhere%26gclid%3DEAIaIQobChMIgZeRj9mP-wIVBpzRBB3D6g5hEAEYASAAEgKWQvD_BwE,0/43,www.javatpoint.com/selenium-python
r1-usc1.zemanta.com/rp2/b1_outbrainrtb/26550664/90441084/PJ5YLWJLRWA5LGO2NV7TKEVN3TXTNEHID5YHMKLYOYTZAZX55LEMXBM2NWRO2Z5S6OUQ5R4I4FIBLULBDNJGTFTNZ44UKFSZDBZYBL4YRQBFMKTUB2AFZFXGSP5TRNSF7G6JTHNLE5IRPRNDHWJ3WZH5LC7TPQLIAUI5PMHYBROENC6IG4DFTCW3S6YHIJPIWE4IYL4C5JI5MWVLWFSFK4UP46Z63EXZ6ZAK6ZRPAORSHKM74NBTPZICHWABHI5W6KTNY33WPYSUT54D4XQT4XJQDYADOXPRVL5VSRYUTDA7D7IJHPCMFBSLU4LSNC2CA4O6TBELGPDSUGBF2FKIX4ERBHX6FYK7AXWHSHALSEF5OHSI3MKXFWUPFQTN47S5XBGJPU3X3R4FMNX2PQOLDOFSZLGY6M3ALU2J5WGANSRX7FKMMHOJYHMDGSNJW7P5CNMQRA6JLN2DLBE23S4HFNYXI5JYVWYMUODRXM4FIM4DDZ7ZU4IXVOXICDJGS6GTCOBXXMZANAGIB45FLE7LFLHHSK7QUYD3Z3Y23IELVR6IJENKPAKDHXWRVEZ5PWMZD53EHK5C3S7NSAAQFEGSV6EM4CTG5A4W67WOTWRWUYQQUPQPMZA2XEDERCHTJELAPMKIKDMWGPKIVUBS3HBRCRYSIGX3Y5RZFUWMONKUHDRB6H3SPPRUM3633V3RMCG7FX5X25BYPKSD4MBBMB3MMAVMXZEYMXMVIX6GXY5I5BSQF75KYTL4RPFI2MUAKR5K/?obOrigUrl=true,0/43,www.javatpoint.com/selenium-python
ad.doubleclick.net/ddm/trackclk/N59901.1984505OUTBRAIN/B27397408.330880157;dc_trk_aid=523112323;dc_trk_cid=168199509;dc_lat=;dc_rdid=;tag_for_child_directed_treatment=;tfua=;ltd=?obOrigUrl=true,0/43,www.javatpoint.com/selenium-python
searchfavorites.net/index.php?rgid=362238&gclid=$ob_click_id$&obOrigUrl=true,0/43,www.javatpoint.com/selenium-python
articles.smartasset.com/disrupt/ux/disrupt.php?utm_source=outbrain&utm_campaign=out__falc_content_disrupt_desktop_troas_922&utm_term=$section_id$&utm_content=001bb3090da51856c042bae6be1bd9fdd0&obOrigUrl=true,0/43,www.javatpoint.com/selenium-python
www.outbrain.com/what-is/default/en,0/43,www.javatpoint.com/selenium-python
www.boldbi.com%3Futm_source%3Dgoogle_ads%26utm_medium%3Dcpc%26utm_campaign%3Dboldbiembedded_selectaudiencedisplaygeneralresponsivead_gadwfeb2022%26gclid%3DEAIaIQobChMIgpeRj9mP-wIVBpzRBB3D6g5hEAEYASAAEgIM0fD_BwE,N/A,www.javatpoint.com/selenium-python
www.boldbi.com%3Futm_source%3Dgoogle_ads%26utm_medium%3Dcpc%26utm_campaign%3Dboldbiembedded_selectaudiencedisplaygeneralresponsivead_gadwfeb2022%26gclid%3DEAIaIQobChMIgpeRj9mP-wIVBpzRBB3D6g5hEAEYASAAEgIM0fD_BwE,N/A,www.javatpoint.com/selenium-python
www.boldbi.com%3Futm_source%3Dgoogle_ads%26utm_medium%3Dcpc%26utm_campaign%3Dboldbiembedded_selectaudiencedisplaygeneralresponsivead_gadwfeb2022%26gclid%3DEAIaIQobChMIgpeRj9mP-wIVBpzRBB3D6g5hEAEYASAAEgIM0fD_BwE,N/A,www.javatpoint.com/selenium-python
discovertheforest.org/%3Futm_source%3Ddoubleverify.com%26utm_medium%3Ddisplay%26utm_campaign%3DAC_DISC%26utm_content%3DBRND_CORE_YSTY_EN_728x090,0/43,www.javatpoint.com/selenium-python
www.boldbi.com/%3Futm_source%3Dgoogle_ads%26utm_medium%3Dcpc%26utm_campaign%3Dboldbiembedded_selectaudiencedisplay300x600embeddedbieverywhere%26gclid%3DEAIaIQobChMIg5eRj9mP-wIVBpzRBB3D6g5hEAEYASAAEgKIhvD_BwE,0/43,www.javatpoint.com/selenium-python
www.boldbi.com/%3Futm_source%3Dgoogle_ads%26utm_medium%3Dcpc%26utm_campaign%3Dboldbiembedded_selectaudiencedisplay300x250bieverywhere%26gclid%3DEAIaIQobChMIipeRj9mP-wIVBpzRBB3D6g5hEAEYASAAEgKUpvD_BwE,0/43,www.javatpoint.com/selenium-python
www.boldbi.com/%3Futm_source%3Dgoogle_ads%26utm_medium%3Dcpc%26utm_campaign%3Dboldbiembedded_selectaudiencedisplay300x250bieverywhere%26gclid%3DEAIaIQobChMIi5eRj9mP-wIVBpzRBB3D6g5hEAEYASAAEgJrwfD_BwE,0/43,www.javatpoint.com/selenium-python
discovertheforest.org/%3Futm_source%3Ddoubleverify.com%26utm_medium%3Ddisplay%26utm_campaign%3DAC_DISC%26utm_content%3DBRND_CORE_YSTY_EN_300x050,0/43,www.javatpoint.com/selenium-python
discovertheforest.org/%3Futm_source%3Ddoubleverify.com%26utm_medium%3Ddisplay%26utm_campaign%3DAC_DISC%26utm_content%3DBRND_CORE_YSTY_EN_300x250,0/43,www.javatpoint.com/selenium-python
